{
  "adv_endpoint_disp": {
    "preservation_adv1p2": {
      "max": 94.52497100830078,
      "mean": 39.49891048669815,
      "median": 31.729429244995117,
      "p90": 84.31367874145508
    },
    "real": {
      "max": 64.94703674316406,
      "mean": 21.116816113470122,
      "median": 12.240965843200684,
      "p90": 62.456552505493164
    }
  },
  "adv_step_max": {
    "preservation_adv1p2": {
      "max": 10.36166000366211,
      "mean": 2.810124410316348,
      "median": 1.7716684937477112,
      "p90": 5.643780708312988
    },
    "real": {
      "max": 1.516690969467163,
      "mean": 0.6026106287317816,
      "median": 0.6269114315509796,
      "p90": 1.3491641879081726
    }
  },
  "adv_step_mean": {
    "preservation_adv1p2": {
      "max": 1.909256100654602,
      "mean": 0.8330278843641281,
      "median": 0.671896904706955,
      "p90": 1.7034032940864563
    },
    "real": {
      "max": 1.2989407777786255,
      "mean": 0.42614407184009906,
      "median": 0.24159562587738037,
      "p90": 1.2545875906944275
    }
  },
  "ego_endpoint_disp": {
    "preservation_adv1p2": {
      "max": 111.57463073730469,
      "mean": 57.18764053285122,
      "median": 50.360145568847656,
      "p90": 94.93680953979492
    },
    "real": {
      "max": 52.13009262084961,
      "mean": 41.54204535484314,
      "median": 47.85895538330078,
      "p90": 51.81683921813965
    }
  },
  "ego_step_max": {
    "preservation_adv1p2": {
      "max": 10.564230918884277,
      "mean": 2.783955564722419,
      "median": 2.25163471698761,
      "p90": 3.906683921813965
    },
    "real": {
      "max": 1.0668749809265137,
      "mean": 0.9334399551153183,
      "median": 1.0667637586593628,
      "p90": 1.0668566823005676
    }
  },
  "ego_step_mean": {
    "preservation_adv1p2": {
      "max": 2.238389253616333,
      "mean": 1.212629895657301,
      "median": 1.0508724451065063,
      "p90": 2.0642868280410767
    },
    "real": {
      "max": 1.0421136617660522,
      "mean": 0.845412265509367,
      "median": 0.999879002571106,
      "p90": 1.0420547723770142
    }
  }
}
