{
  "adv_endpoint_disp": {
    "preservation_adv1p0": {
      "max": 94.47526550292969,
      "mean": 39.51688575744629,
      "median": 31.778297424316406,
      "p90": 84.2515869140625
    },
    "real": {
      "max": 64.94703674316406,
      "mean": 21.116816113470122,
      "median": 12.240965843200684,
      "p90": 62.456552505493164
    }
  },
  "adv_step_max": {
    "preservation_adv1p0": {
      "max": 10.37868595123291,
      "mean": 2.8212663792073727,
      "median": 1.7874125242233276,
      "p90": 5.695595979690552
    },
    "real": {
      "max": 1.516690969467163,
      "mean": 0.6026106287317816,
      "median": 0.6269114315509796,
      "p90": 1.3491641879081726
    }
  },
  "adv_step_mean": {
    "preservation_adv1p0": {
      "max": 1.9082638025283813,
      "mean": 0.8334933342412114,
      "median": 0.6730156242847443,
      "p90": 1.702440857887268
    },
    "real": {
      "max": 1.2989407777786255,
      "mean": 0.42614407184009906,
      "median": 0.24159562587738037,
      "p90": 1.2545875906944275
    }
  },
  "ego_endpoint_disp": {
    "preservation_adv1p0": {
      "max": 111.15899658203125,
      "mean": 57.13298887759447,
      "median": 50.34514045715332,
      "p90": 94.9362907409668
    },
    "real": {
      "max": 52.13009262084961,
      "mean": 41.54204535484314,
      "median": 47.85895538330078,
      "p90": 51.81683921813965
    }
  },
  "ego_step_max": {
    "preservation_adv1p0": {
      "max": 10.561088562011719,
      "mean": 2.780728740617633,
      "median": 2.263069272041321,
      "p90": 3.877543568611145
    },
    "real": {
      "max": 1.0668749809265137,
      "mean": 0.9334399551153183,
      "median": 1.0667637586593628,
      "p90": 1.0668566823005676
    }
  },
  "ego_step_mean": {
    "preservation_adv1p0": {
      "max": 2.230642557144165,
      "mean": 1.2116416990756989,
      "median": 1.0508362650871277,
      "p90": 2.063417971134186
    },
    "real": {
      "max": 1.0421136617660522,
      "mean": 0.845412265509367,
      "median": 0.999879002571106,
      "p90": 1.0420547723770142
    }
  }
}
