{
  "adv_endpoint_disp": {
    "preservation_v1_l005": {
      "max": 94.40026092529297,
      "mean": 39.551681876182556,
      "median": 31.876184463500977,
      "p90": 84.2879524230957
    },
    "real": {
      "max": 64.94703674316406,
      "mean": 21.116816113470122,
      "median": 12.240965843200684,
      "p90": 62.456552505493164
    }
  },
  "adv_step_max": {
    "preservation_v1_l005": {
      "max": 10.41758918762207,
      "mean": 2.8414031509310007,
      "median": 1.8133004307746887,
      "p90": 5.794098138809204
    },
    "real": {
      "max": 1.516690969467163,
      "mean": 0.6026106287317816,
      "median": 0.6269114315509796,
      "p90": 1.3491641879081726
    }
  },
  "adv_step_mean": {
    "preservation_v1_l005": {
      "max": 1.9068386554718018,
      "mean": 0.8344508046284318,
      "median": 0.6752454340457916,
      "p90": 1.703216791152954
    },
    "real": {
      "max": 1.2989407777786255,
      "mean": 0.42614407184009906,
      "median": 0.24159562587738037,
      "p90": 1.2545875906944275
    }
  },
  "ego_endpoint_disp": {
    "preservation_v1_l005": {
      "max": 111.13609313964844,
      "mean": 57.128607124090195,
      "median": 50.3333625793457,
      "p90": 94.97390365600586
    },
    "real": {
      "max": 52.13009262084961,
      "mean": 41.54204535484314,
      "median": 47.85895538330078,
      "p90": 51.81683921813965
    }
  },
  "ego_step_max": {
    "preservation_v1_l005": {
      "max": 10.56096076965332,
      "mean": 2.78954859636724,
      "median": 2.2871659994125366,
      "p90": 3.8880971670150757
    },
    "real": {
      "max": 1.0668749809265137,
      "mean": 0.9334399551153183,
      "median": 1.0667637586593628,
      "p90": 1.0668566823005676
    }
  },
  "ego_step_mean": {
    "preservation_v1_l005": {
      "max": 2.230269193649292,
      "mean": 1.2116454718634486,
      "median": 1.0510000586509705,
      "p90": 2.062864065170288
    },
    "real": {
      "max": 1.0421136617660522,
      "mean": 0.845412265509367,
      "median": 0.999879002571106,
      "p90": 1.0420547723770142
    }
  }
}
