{
  "adv_endpoint_disp": {
    "preservation_guided": {
      "max": 25608.595703125,
      "mean": 4203.322203412652,
      "median": 14.873242378234863,
      "p90": 19381.90478515625
    },
    "real": {
      "max": 64.94703674316406,
      "mean": 21.116816113470122,
      "median": 12.240965843200684,
      "p90": 62.456552505493164
    }
  },
  "adv_step_max": {
    "preservation_guided": {
      "max": 1891569.75,
      "mean": 148365.44994606078,
      "median": 5.547068119049072,
      "p90": 169152.453125
    },
    "real": {
      "max": 1.516690969467163,
      "mean": 0.6026106287317816,
      "median": 0.6269114315509796,
      "p90": 1.3491641879081726
    }
  },
  "adv_step_mean": {
    "preservation_guided": {
      "max": 79832.703125,
      "mean": 8054.701629136223,
      "median": 0.4040725976228714,
      "p90": 19406.10693359375
    },
    "real": {
      "max": 1.2989407777786255,
      "mean": 0.42614407184009906,
      "median": 0.24159562587738037,
      "p90": 1.2545875906944275
    }
  },
  "ego_endpoint_disp": {
    "preservation_guided": {
      "max": 10232362.0,
      "mean": 1595317.1715742946,
      "median": 35.53019714355469,
      "p90": 6981231.125
    },
    "real": {
      "max": 52.13009262084961,
      "mean": 41.54204535484314,
      "median": 47.85895538330078,
      "p90": 51.81683921813965
    }
  },
  "ego_step_max": {
    "preservation_guided": {
      "max": 3358316.0,
      "mean": 494984.0345949456,
      "median": 3.794181704521179,
      "p90": 2079159.9375
    },
    "real": {
      "max": 1.0668749809265137,
      "mean": 0.9334399551153183,
      "median": 1.0667637586593628,
      "p90": 1.0668566823005676
    }
  },
  "ego_step_mean": {
    "preservation_guided": {
      "max": 920759.8125,
      "mean": 139637.46156646684,
      "median": 0.8421672880649567,
      "p90": 605596.75
    },
    "real": {
      "max": 1.0421136617660522,
      "mean": 0.845412265509367,
      "median": 0.999879002571106,
      "p90": 1.0420547723770142
    }
  }
}
