{
  "adv_endpoint_disp": {
    "collision": {
      "max": 104.09772491455078,
      "mean": 32.90296679735184,
      "median": 26.19222068786621,
      "p90": 76.60613555908203
    },
    "no_collision": {
      "max": 92.53827667236328,
      "mean": 31.688939347863197,
      "median": 23.390657424926758,
      "p90": 69.25179672241211
    },
    "real": {
      "max": 64.94703674316406,
      "mean": 21.23947283567395,
      "median": 10.955254077911377,
      "p90": 61.22734756469727
    },
    "unguided": {
      "max": 93.09319305419922,
      "mean": 31.954047054052353,
      "median": 23.905877113342285,
      "p90": 71.07959899902345
    }
  },
  "adv_step_max": {
    "collision": {
      "max": 4.948034286499023,
      "mean": 1.6602794891223311,
      "median": 1.4551886320114136,
      "p90": 2.9899199962615968
    },
    "no_collision": {
      "max": 5.188662052154541,
      "mean": 1.7018073219805956,
      "median": 1.4485220313072205,
      "p90": 3.0139111995697023
    },
    "real": {
      "max": 1.516690969467163,
      "mean": 0.5642318020472885,
      "median": 0.5795891582965851,
      "p90": 1.3106149554252624
    },
    "unguided": {
      "max": 5.1163411140441895,
      "mean": 1.656534530222416,
      "median": 1.455906629562378,
      "p90": 3.002971959114075
    }
  },
  "adv_step_mean": {
    "collision": {
      "max": 2.0959248542785645,
      "mean": 0.6966775115579367,
      "median": 0.5458460450172424,
      "p90": 1.555297946929932
    },
    "no_collision": {
      "max": 1.874941110610962,
      "mean": 0.6756992507725954,
      "median": 0.5164585113525391,
      "p90": 1.4067652821540835
    },
    "real": {
      "max": 1.2989407777786255,
      "mean": 0.42973024717139197,
      "median": 0.2110619992017746,
      "p90": 1.230831003189087
    },
    "unguided": {
      "max": 1.8750147819519043,
      "mean": 0.6788274026475847,
      "median": 0.5208626240491867,
      "p90": 1.4435986757278443
    }
  },
  "ego_endpoint_disp": {
    "collision": {
      "max": 113.67041778564453,
      "mean": 50.58906714618206,
      "median": 51.29623603820801,
      "p90": 89.8603729248047
    },
    "no_collision": {
      "max": 119.28948211669922,
      "mean": 56.94673413038254,
      "median": 56.706586837768555,
      "p90": 93.23435134887696
    },
    "real": {
      "max": 52.13009262084961,
      "mean": 32.065509882289916,
      "median": 42.582149505615234,
      "p90": 51.854240036010744
    },
    "unguided": {
      "max": 117.99765014648438,
      "mean": 54.23502314090729,
      "median": 54.905954360961914,
      "p90": 90.64730606079102
    }
  },
  "ego_step_max": {
    "collision": {
      "max": 7.229472637176514,
      "mean": 2.1136211091652513,
      "median": 1.9356253147125244,
      "p90": 2.838250303268433
    },
    "no_collision": {
      "max": 7.6118927001953125,
      "mean": 2.282124610617757,
      "median": 2.0418219566345215,
      "p90": 3.1402719974517828
    },
    "real": {
      "max": 1.0668749809265137,
      "mean": 0.759986458113417,
      "median": 1.066751480102539,
      "p90": 1.0668421149253846
    },
    "unguided": {
      "max": 7.4953932762146,
      "mean": 2.1725703347474337,
      "median": 1.979467511177063,
      "p90": 3.0324818134307865
    }
  },
  "ego_step_mean": {
    "collision": {
      "max": 2.276752471923828,
      "mean": 1.065094305202365,
      "median": 1.0470325946807861,
      "p90": 1.8735188484191896
    },
    "no_collision": {
      "max": 2.388446807861328,
      "mean": 1.1846943143755198,
      "median": 1.158141314983368,
      "p90": 1.9658711671829225
    },
    "real": {
      "max": 1.042181134223938,
      "mean": 0.6618376835394884,
      "median": 0.9188744723796844,
      "p90": 1.0419913411140442
    },
    "unguided": {
      "max": 2.3627047538757324,
      "mean": 1.1332082599401474,
      "median": 1.1211017370224,
      "p90": 1.9433529734611514
    }
  }
}
