{
  "adv_endpoint_disp": {
    "real": {
      "max": 64.94703674316406,
      "mean": 21.116816113470122,
      "median": 12.240965843200684,
      "p90": 62.456552505493164
    },
    "relative_unguided": {
      "max": 62.83901596069336,
      "mean": 25.957339465618134,
      "median": 20.374431610107422,
      "p90": 51.74691200256348
    }
  },
  "adv_step_max": {
    "real": {
      "max": 1.516690969467163,
      "mean": 0.6026106287317816,
      "median": 0.6269114315509796,
      "p90": 1.3491641879081726
    },
    "relative_unguided": {
      "max": 91.80992889404297,
      "mean": 29.78232342004776,
      "median": 24.23363208770752,
      "p90": 54.86499786376953
    }
  },
  "adv_step_mean": {
    "real": {
      "max": 1.2989407777786255,
      "mean": 0.42614407184009906,
      "median": 0.24159562587738037,
      "p90": 1.2545875906944275
    },
    "relative_unguided": {
      "max": 9.526287078857422,
      "mean": 3.7292522713541985,
      "median": 3.513529896736145,
      "p90": 4.77032995223999
    }
  },
  "ego_endpoint_disp": {
    "real": {
      "max": 52.13009262084961,
      "mean": 41.54204535484314,
      "median": 47.85895538330078,
      "p90": 51.81683921813965
    },
    "relative_unguided": {
      "max": 101.77599334716797,
      "mean": 56.55951425433159,
      "median": 58.52216148376465,
      "p90": 82.50080490112305
    }
  },
  "ego_step_max": {
    "real": {
      "max": 1.0668749809265137,
      "mean": 0.9334399551153183,
      "median": 1.0667637586593628,
      "p90": 1.0668566823005676
    },
    "relative_unguided": {
      "max": 198.2973175048828,
      "mean": 40.55538183450699,
      "median": 22.641289710998535,
      "p90": 73.8338737487793
    }
  },
  "ego_step_mean": {
    "real": {
      "max": 1.0421136617660522,
      "mean": 0.845412265509367,
      "median": 0.999879002571106,
      "p90": 1.0420547723770142
    },
    "relative_unguided": {
      "max": 14.914395332336426,
      "mean": 5.3333312422037125,
      "median": 4.5967347621917725,
      "p90": 7.3061182498931885
    }
  }
}
