{
  "adv_endpoint_disp": {
    "preservation_v2_l020": {
      "max": 107.11788940429688,
      "mean": 35.81826584786177,
      "median": 25.17963695526123,
      "p90": 85.42030715942383
    },
    "real": {
      "max": 64.94703674316406,
      "mean": 21.116816113470122,
      "median": 12.240965843200684,
      "p90": 62.456552505493164
    }
  },
  "adv_step_max": {
    "preservation_v2_l020": {
      "max": 7.815293312072754,
      "mean": 2.3274116553366184,
      "median": 1.5136288404464722,
      "p90": 4.2330968379974365
    },
    "real": {
      "max": 1.516690969467163,
      "mean": 0.6026106287317816,
      "median": 0.6269114315509796,
      "p90": 1.3491641879081726
    }
  },
  "adv_step_mean": {
    "preservation_v2_l020": {
      "max": 2.1602375507354736,
      "mean": 0.758026234805584,
      "median": 0.517152726650238,
      "p90": 1.7249483466148376
    },
    "real": {
      "max": 1.2989407777786255,
      "mean": 0.42614407184009906,
      "median": 0.24159562587738037,
      "p90": 1.2545875906944275
    }
  },
  "ego_endpoint_disp": {
    "preservation_v2_l020": {
      "max": 115.30213165283203,
      "mean": 60.206220880150795,
      "median": 58.530391693115234,
      "p90": 98.24742889404297
    },
    "real": {
      "max": 52.13009262084961,
      "mean": 41.54204535484314,
      "median": 47.85895538330078,
      "p90": 51.81683921813965
    }
  },
  "ego_step_max": {
    "preservation_v2_l020": {
      "max": 8.921937942504883,
      "mean": 2.6235666386783123,
      "median": 2.097147226333618,
      "p90": 4.044696688652039
    },
    "real": {
      "max": 1.0668749809265137,
      "mean": 0.9334399551153183,
      "median": 1.0667637586593628,
      "p90": 1.0668566823005676
    }
  },
  "ego_step_mean": {
    "preservation_v2_l020": {
      "max": 2.306950569152832,
      "mean": 1.2612538672983646,
      "median": 1.2198957800865173,
      "p90": 2.0055182576179504
    },
    "real": {
      "max": 1.0421136617660522,
      "mean": 0.845412265509367,
      "median": 0.999879002571106,
      "p90": 1.0420547723770142
    }
  }
}
