{
  "adv_endpoint_disp": {
    "preservation_v2_stepclip10": {
      "max": 110.5357666015625,
      "mean": 36.5308378264308,
      "median": 25.73336887359619,
      "p90": 86.75506973266602
    },
    "real": {
      "max": 64.94703674316406,
      "mean": 21.116816113470122,
      "median": 12.240965843200684,
      "p90": 62.456552505493164
    }
  },
  "adv_step_max": {
    "preservation_v2_stepclip10": {
      "max": 8.151277542114258,
      "mean": 2.4394012466073036,
      "median": 1.5505918264389038,
      "p90": 4.443405985832214
    },
    "real": {
      "max": 1.516690969467163,
      "mean": 0.6026106287317816,
      "median": 0.6269114315509796,
      "p90": 1.3491641879081726
    }
  },
  "adv_step_mean": {
    "preservation_v2_stepclip10": {
      "max": 2.2295498847961426,
      "mean": 0.7738933474756777,
      "median": 0.5300914645195007,
      "p90": 1.7514083981513977
    },
    "real": {
      "max": 1.2989407777786255,
      "mean": 0.42614407184009906,
      "median": 0.24159562587738037,
      "p90": 1.2545875906944275
    }
  },
  "ego_endpoint_disp": {
    "preservation_v2_stepclip10": {
      "max": 118.08993530273438,
      "mean": 61.22953051328659,
      "median": 59.144351959228516,
      "p90": 99.93966293334961
    },
    "real": {
      "max": 52.13009262084961,
      "mean": 41.54204535484314,
      "median": 47.85895538330078,
      "p90": 51.81683921813965
    }
  },
  "ego_step_max": {
    "preservation_v2_stepclip10": {
      "max": 9.37117862701416,
      "mean": 2.748934229835868,
      "median": 2.19688618183136,
      "p90": 4.391919374465942
    },
    "real": {
      "max": 1.0668749809265137,
      "mean": 0.9334399551153183,
      "median": 1.0667637586593628,
      "p90": 1.0668566823005676
    }
  },
  "ego_step_mean": {
    "preservation_v2_stepclip10": {
      "max": 2.3607804775238037,
      "mean": 1.2852724976837635,
      "median": 1.2375767230987549,
      "p90": 2.049489378929138
    },
    "real": {
      "max": 1.0421136617660522,
      "mean": 0.845412265509367,
      "median": 0.999879002571106,
      "p90": 1.0420547723770142
    }
  }
}
