{
  "adv_endpoint_disp": {
    "collision": {
      "max": 103.11083984375,
      "mean": 35.035513401031494,
      "median": 28.251155853271484,
      "p90": 72.02437973022461
    },
    "no_collision": {
      "max": 90.09886932373047,
      "mean": 33.50902312994003,
      "median": 22.929737091064453,
      "p90": 68.43741226196289
    },
    "real": {
      "max": 64.94703674316406,
      "mean": 21.116816113470122,
      "median": 12.240965843200684,
      "p90": 62.456552505493164
    },
    "unguided": {
      "max": 93.08956146240234,
      "mean": 34.00316169857979,
      "median": 26.6716890335083,
      "p90": 69.99154281616211
    }
  },
  "adv_step_max": {
    "collision": {
      "max": 5.031497001647949,
      "mean": 1.9290433265268803,
      "median": 1.643841028213501,
      "p90": 3.5117685794830322
    },
    "no_collision": {
      "max": 5.188523769378662,
      "mean": 2.048599027097225,
      "median": 1.7960821390151978,
      "p90": 3.410985589027405
    },
    "real": {
      "max": 1.516690969467163,
      "mean": 0.6026106287317816,
      "median": 0.6269114315509796,
      "p90": 1.3491641879081726
    },
    "unguided": {
      "max": 5.115358352661133,
      "mean": 1.950033351778984,
      "median": 1.6680245995521545,
      "p90": 3.427414894104004
    }
  },
  "adv_step_mean": {
    "collision": {
      "max": 2.0755393505096436,
      "mean": 0.7397291930392385,
      "median": 0.6073797643184662,
      "p90": 1.4572834968566895
    },
    "no_collision": {
      "max": 1.815314769744873,
      "mean": 0.7143315486609936,
      "median": 0.5044996738433838,
      "p90": 1.385583758354187
    },
    "real": {
      "max": 1.2989407777786255,
      "mean": 0.42614407184009906,
      "median": 0.24159562587738037,
      "p90": 1.2545875906944275
    },
    "unguided": {
      "max": 1.874943733215332,
      "mean": 0.720900914631784,
      "median": 0.5670490115880966,
      "p90": 1.4166069626808167
    }
  },
  "ego_endpoint_disp": {
    "collision": {
      "max": 116.27949523925781,
      "mean": 61.048730075359344,
      "median": 62.718915939331055,
      "p90": 98.06110000610352
    },
    "no_collision": {
      "max": 119.29534149169922,
      "mean": 65.95089161396027,
      "median": 64.5357608795166,
      "p90": 104.125
    },
    "real": {
      "max": 52.13009262084961,
      "mean": 41.54204535484314,
      "median": 47.85895538330078,
      "p90": 51.81683921813965
    },
    "unguided": {
      "max": 118.0032958984375,
      "mean": 63.061531126499176,
      "median": 63.66413879394531,
      "p90": 101.23737716674805
    }
  },
  "ego_step_max": {
    "collision": {
      "max": 7.364298343658447,
      "mean": 2.613323651254177,
      "median": 2.164484977722168,
      "p90": 4.906129837036133
    },
    "no_collision": {
      "max": 7.611687660217285,
      "mean": 2.8844468258321285,
      "median": 2.2372617721557617,
      "p90": 6.154022693634033
    },
    "real": {
      "max": 1.0668749809265137,
      "mean": 0.9334399551153183,
      "median": 1.0667637586593628,
      "p90": 1.0668566823005676
    },
    "unguided": {
      "max": 7.494455814361572,
      "mean": 2.6628421302884817,
      "median": 2.201080083847046,
      "p90": 4.8914875984191895
    }
  },
  "ego_step_mean": {
    "collision": {
      "max": 2.3285372257232666,
      "mean": 1.2786654559895396,
      "median": 1.297741711139679,
      "p90": 1.9982422590255737
    },
    "no_collision": {
      "max": 2.38856840133667,
      "mean": 1.3746680039912462,
      "median": 1.3332458138465881,
      "p90": 2.120601177215576
    },
    "real": {
      "max": 1.0421136617660522,
      "mean": 0.845412265509367,
      "median": 0.999879002571106,
      "p90": 1.0420547723770142
    },
    "unguided": {
      "max": 2.362823009490967,
      "mean": 1.3191894683986902,
      "median": 1.3161773085594177,
      "p90": 2.062220811843872
    }
  }
}
