{
  "modes": {
    "unguided": {
      "prob_mean": 0.18841133546084166,
      "prob_min": 0.07678790390491486,
      "prob_max": 0.6608505249023438,
      "prob_values": [
        0.1689230054616928,
        0.07678790390491486,
        0.1635887324810028,
        0.133635014295578,
        0.13254554569721222,
        0.17712359130382538,
        0.07795770466327667,
        0.1491866558790207,
        0.09381238371133804,
        0.22705475986003876,
        0.09025566279888153,
        0.10877098143100739,
        0.6608505249023438,
        0.45181915163993835,
        0.12220991402864456,
        0.18005983531475067
      ],
      "ego_step_mean": 1.3191894683986902,
      "adv_step_mean": 0.720900914631784,
      "ego_endpoint_disp": 63.061531126499176,
      "adv_endpoint_disp": 34.00316169857979,
      "ego_step_max": 2.6628421302884817,
      "adv_step_max": 1.950033351778984
    },
    "collision": {
      "prob_mean": 0.19321144931018353,
      "prob_min": 0.07757047563791275,
      "prob_max": 0.6233090758323669,
      "prob_values": [
        0.17051950097084045,
        0.07757047563791275,
        0.1680091917514801,
        0.14348486065864563,
        0.1328321397304535,
        0.17873844504356384,
        0.07799667865037918,
        0.16632387042045593,
        0.09395640343427658,
        0.2303432673215866,
        0.09028350561857224,
        0.10880748927593231,
        0.6233090758323669,
        0.4916330575942993,
        0.15103738009929657,
        0.18653784692287445
      ],
      "ego_step_mean": 1.2786654559895396,
      "adv_step_mean": 0.7397291930392385,
      "ego_endpoint_disp": 61.048730075359344,
      "adv_endpoint_disp": 35.035513401031494,
      "ego_step_max": 2.613323651254177,
      "adv_step_max": 1.9290433265268803
    },
    "no_collision": {
      "prob_mean": 0.1520886104553938,
      "prob_min": 0.07604887336492538,
      "prob_max": 0.43179333209991455,
      "prob_values": [
        0.1679764837026596,
        0.07604887336492538,
        0.16065265238285065,
        0.12622760236263275,
        0.13224990665912628,
        0.1755058467388153,
        0.07792694866657257,
        0.14671950042247772,
        0.09368851780891418,
        0.22403445839881897,
        0.090226911008358,
        0.10873163491487503,
        0.13406866788864136,
        0.43179333209991455,
        0.11422991007566452,
        0.17333652079105377
      ],
      "ego_step_mean": 1.3746680039912462,
      "adv_step_mean": 0.7143315486609936,
      "ego_endpoint_disp": 65.95089161396027,
      "adv_endpoint_disp": 33.50902312994003,
      "ego_step_max": 2.8844468258321285,
      "adv_step_max": 2.048599027097225
    }
  },
  "ordering": {
    "no_collision_lt_unguided": true,
    "unguided_lt_collision": true,
    "full_ordering": true
  }
}