{
  "adv_endpoint_disp": {
    "preservation_v2_l010": {
      "max": 108.61795806884766,
      "mean": 36.18286570161581,
      "median": 25.270071029663086,
      "p90": 86.34284210205078
    },
    "real": {
      "max": 64.94703674316406,
      "mean": 21.116816113470122,
      "median": 12.240965843200684,
      "p90": 62.456552505493164
    }
  },
  "adv_step_max": {
    "preservation_v2_l010": {
      "max": 8.006280899047852,
      "mean": 2.3942095190286636,
      "median": 1.5304590463638306,
      "p90": 4.358647108078003
    },
    "real": {
      "max": 1.516690969467163,
      "mean": 0.6026106287317816,
      "median": 0.6269114315509796,
      "p90": 1.3491641879081726
    }
  },
  "adv_step_mean": {
    "preservation_v2_l010": {
      "max": 2.1905698776245117,
      "mean": 0.7662722487002611,
      "median": 0.5256688296794891,
      "p90": 1.7432164549827576
    },
    "real": {
      "max": 1.2989407777786255,
      "mean": 0.42614407184009906,
      "median": 0.24159562587738037,
      "p90": 1.2545875906944275
    }
  },
  "ego_endpoint_disp": {
    "preservation_v2_l010": {
      "max": 117.26219177246094,
      "mean": 60.87568172812462,
      "median": 59.041616439819336,
      "p90": 99.37434387207031
    },
    "real": {
      "max": 52.13009262084961,
      "mean": 41.54204535484314,
      "median": 47.85895538330078,
      "p90": 51.81683921813965
    }
  },
  "ego_step_max": {
    "preservation_v2_l010": {
      "max": 9.194009780883789,
      "mean": 2.7035318426787853,
      "median": 2.159752607345581,
      "p90": 4.279344201087952
    },
    "real": {
      "max": 1.0668749809265137,
      "mean": 0.9334399551153183,
      "median": 1.0667637586593628,
      "p90": 1.0668566823005676
    }
  },
  "ego_step_mean": {
    "preservation_v2_l010": {
      "max": 2.344835042953491,
      "mean": 1.2768728816881776,
      "median": 1.2335070967674255,
      "p90": 2.0339529514312744
    },
    "real": {
      "max": 1.0421136617660522,
      "mean": 0.845412265509367,
      "median": 0.999879002571106,
      "p90": 1.0420547723770142
    }
  }
}
