{
  "adv_endpoint_disp": {
    "real": {
      "max": 64.94703674316406,
      "mean": 21.116816113470122,
      "median": 12.240965843200684,
      "p90": 62.456552505493164
    },
    "step_unguided": {
      "max": 93.08956146240234,
      "mean": 34.00316169857979,
      "median": 26.6716890335083,
      "p90": 69.99154281616211
    }
  },
  "adv_step_max": {
    "real": {
      "max": 1.516690969467163,
      "mean": 0.6026106287317816,
      "median": 0.6269114315509796,
      "p90": 1.3491641879081726
    },
    "step_unguided": {
      "max": 5.115358352661133,
      "mean": 1.950033351778984,
      "median": 1.6680245995521545,
      "p90": 3.427414894104004
    }
  },
  "adv_step_mean": {
    "real": {
      "max": 1.2989407777786255,
      "mean": 0.42614407184009906,
      "median": 0.24159562587738037,
      "p90": 1.2545875906944275
    },
    "step_unguided": {
      "max": 1.874943733215332,
      "mean": 0.720900914631784,
      "median": 0.5670490115880966,
      "p90": 1.4166069626808167
    }
  },
  "ego_endpoint_disp": {
    "real": {
      "max": 52.13009262084961,
      "mean": 41.54204535484314,
      "median": 47.85895538330078,
      "p90": 51.81683921813965
    },
    "step_unguided": {
      "max": 118.0032958984375,
      "mean": 63.061531126499176,
      "median": 63.66413879394531,
      "p90": 101.23737716674805
    }
  },
  "ego_step_max": {
    "real": {
      "max": 1.0668749809265137,
      "mean": 0.9334399551153183,
      "median": 1.0667637586593628,
      "p90": 1.0668566823005676
    },
    "step_unguided": {
      "max": 7.494455814361572,
      "mean": 2.6628421302884817,
      "median": 2.201080083847046,
      "p90": 4.8914875984191895
    }
  },
  "ego_step_mean": {
    "real": {
      "max": 1.0421136617660522,
      "mean": 0.845412265509367,
      "median": 0.999879002571106,
      "p90": 1.0420547723770142
    },
    "step_unguided": {
      "max": 2.362823009490967,
      "mean": 1.3191894683986902,
      "median": 1.3161773085594177,
      "p90": 2.062220811843872
    }
  }
}
