{
  "adv_endpoint_disp": {
    "collision": {
      "max": 13126.5439453125,
      "mean": 4612.985500335693,
      "median": 3292.961181640625,
      "p90": 10960.76318359375
    },
    "no_collision": {
      "max": 13586.4189453125,
      "mean": 4255.759510040283,
      "median": 4369.410888671875,
      "p90": 7911.352783203125
    },
    "real": {
      "max": 64.94703674316406,
      "mean": 21.116816113470122,
      "median": 12.240965843200684,
      "p90": 62.456552505493164
    },
    "unguided": {
      "max": 15638.0224609375,
      "mean": 5608.993384838104,
      "median": 4565.421630859375,
      "p90": 14756.5654296875
    }
  },
  "adv_step_max": {
    "collision": {
      "max": 54253.3046875,
      "mean": 29585.176330566406,
      "median": 27105.9384765625,
      "p90": 43696.580078125
    },
    "no_collision": {
      "max": 50878.9296875,
      "mean": 27913.090087890625,
      "median": 26266.4677734375,
      "p90": 40017.38671875
    },
    "real": {
      "max": 1.516690969467163,
      "mean": 0.6026106287317816,
      "median": 0.6269114315509796,
      "p90": 1.3491641879081726
    },
    "unguided": {
      "max": 54345.0625,
      "mean": 30702.03973388672,
      "median": 31135.271484375,
      "p90": 42677.818359375
    }
  },
  "adv_step_mean": {
    "collision": {
      "max": 7244.46875,
      "mean": 6020.939727783203,
      "median": 6166.461181640625,
      "p90": 6978.6171875
    },
    "no_collision": {
      "max": 7046.5205078125,
      "mean": 5834.5716552734375,
      "median": 5902.275146484375,
      "p90": 6730.425048828125
    },
    "real": {
      "max": 1.2989407777786255,
      "mean": 0.42614407184009906,
      "median": 0.24159562587738037,
      "p90": 1.2545875906944275
    },
    "unguided": {
      "max": 8067.494140625,
      "mean": 6559.752838134766,
      "median": 6606.50390625,
      "p90": 7655.5966796875
    }
  },
  "ego_endpoint_disp": {
    "collision": {
      "max": 19554.5390625,
      "mean": 5391.472930908203,
      "median": 2688.46484375,
      "p90": 11618.48779296875
    },
    "no_collision": {
      "max": 22371.96875,
      "mean": 5902.405853271484,
      "median": 3728.916259765625,
      "p90": 14609.42529296875
    },
    "real": {
      "max": 52.13009262084961,
      "mean": 41.54204535484314,
      "median": 47.85895538330078,
      "p90": 51.81683921813965
    },
    "unguided": {
      "max": 25012.546875,
      "mean": 7566.7474365234375,
      "median": 4612.716064453125,
      "p90": 17951.22314453125
    }
  },
  "ego_step_max": {
    "collision": {
      "max": 27400.583984375,
      "mean": 21332.616271972656,
      "median": 21381.4140625,
      "p90": 25713.140625
    },
    "no_collision": {
      "max": 34245.61328125,
      "mean": 21955.553466796875,
      "median": 22133.2880859375,
      "p90": 27566.3125
    },
    "real": {
      "max": 1.0668749809265137,
      "mean": 0.9334399551153183,
      "median": 1.0667637586593628,
      "p90": 1.0668566823005676
    },
    "unguided": {
      "max": 34436.88671875,
      "mean": 25083.038696289062,
      "median": 25716.634765625,
      "p90": 31152.5546875
    }
  },
  "ego_step_mean": {
    "collision": {
      "max": 8165.9521484375,
      "mean": 5536.955657958984,
      "median": 5587.889892578125,
      "p90": 6734.05126953125
    },
    "no_collision": {
      "max": 8276.2236328125,
      "mean": 5561.080078125,
      "median": 5346.159912109375,
      "p90": 6871.002197265625
    },
    "real": {
      "max": 1.0421136617660522,
      "mean": 0.845412265509367,
      "median": 0.999879002571106,
      "p90": 1.0420547723770142
    },
    "unguided": {
      "max": 8650.4072265625,
      "mean": 6149.234283447266,
      "median": 5995.325439453125,
      "p90": 7648.692626953125
    }
  }
}
