{
  "adv_endpoint_disp": {
    "preservation_v2_stepclip05": {
      "max": 110.89060974121094,
      "mean": 36.6171400398016,
      "median": 25.936010360717773,
      "p90": 86.8368034362793
    },
    "real": {
      "max": 64.94703674316406,
      "mean": 21.116816113470122,
      "median": 12.240965843200684,
      "p90": 62.456552505493164
    }
  },
  "adv_step_max": {
    "preservation_v2_stepclip05": {
      "max": 8.205093383789062,
      "mean": 2.449634399265051,
      "median": 1.558304786682129,
      "p90": 4.445829153060913
    },
    "real": {
      "max": 1.516690969467163,
      "mean": 0.6026106287317816,
      "median": 0.6269114315509796,
      "p90": 1.3491641879081726
    }
  },
  "adv_step_mean": {
    "preservation_v2_stepclip05": {
      "max": 2.2367160320281982,
      "mean": 0.7758359885774553,
      "median": 0.5310802757740021,
      "p90": 1.7530328035354614
    },
    "real": {
      "max": 1.2989407777786255,
      "mean": 0.42614407184009906,
      "median": 0.24159562587738037,
      "p90": 1.2545875906944275
    }
  },
  "ego_endpoint_disp": {
    "preservation_v2_stepclip05": {
      "max": 118.3647232055664,
      "mean": 61.32745045423508,
      "median": 59.18391418457031,
      "p90": 100.0967788696289
    },
    "real": {
      "max": 52.13009262084961,
      "mean": 41.54204535484314,
      "median": 47.85895538330078,
      "p90": 51.81683921813965
    }
  },
  "ego_step_max": {
    "preservation_v2_stepclip05": {
      "max": 9.43355655670166,
      "mean": 2.761901957914233,
      "median": 2.2061879634857178,
      "p90": 4.426234483718872
    },
    "real": {
      "max": 1.0668749809265137,
      "mean": 0.9334399551153183,
      "median": 1.0667637586593628,
      "p90": 1.0668566823005676
    }
  },
  "ego_step_mean": {
    "preservation_v2_stepclip05": {
      "max": 2.366133689880371,
      "mean": 1.287601187825203,
      "median": 1.2385644912719727,
      "p90": 2.0542991161346436
    },
    "real": {
      "max": 1.0421136617660522,
      "mean": 0.845412265509367,
      "median": 0.999879002571106,
      "p90": 1.0420547723770142
    }
  }
}
